ID,Severity,Confidence,Route,Component,Viewport,Category,Problem,UserImpact,Evidence,SourceLocation,Recommendation,Effort,Validation
FINDING-01,P2,Medium,"/contact/, /about/",ContactPage.tsx,Mobile,Navigation / Accessibility,Inner page header mobile navigation disclosure toggle lacks Escape key listener,Keyboard users on mobile views cannot close disclosure menu via Escape key,Source inspect ContactPage.tsx L73-82 and InfoPage.tsx L305-330,app/ContactPage.tsx#L73-L82,Add Escape key listener to navigation disclosure toggle,S,Press Escape on open mobile menu on /contact/
FINDING-02,P2,Medium,"/quote-process/, /complaints/",QuoteRequestForm.tsx,All,Forms / Accessibility,Forms lack a top-level role=alert submission summary upon validation failure,Screen reader users hear no immediate global summary upon submit failure,Source inspect QuoteRequestForm.tsx L396-405,app/QuoteRequestForm.tsx#L396-L405,Add top-level form submission alert summary with role=alert,S,Submit invalid form and test screen reader announcement
FINDING-03,P2,Medium,"/, /rebar/, Category Pages",App.tsx,Mobile,Mobile UX Discoverability,Mobile product tab bar has horizontal overflow without visual scroll indicators,Mobile users miss product categories located offscreen to the left/right,Source inspect globals/header.css L210-260,app/globals/header.css#L210-L260,Add CSS linear gradient mask indicator on tab scroll edges,S,Inspect product tab bar on 360px viewport
FINDING-05,P3,Low,"/rebar/, /beam/, Category Pages",RebarPrices.tsx,Mobile,Mobile Table Usability (Proposal),Product title column in dense price tables is not sticky during mobile horizontal scroll,Users lose product name context when scrolling right on mobile tables,Source inspect RebarPrices.tsx L600-750,app/RebarPrices.tsx#L600-L750,Evaluate sticky title column for mobile price tables,M,Test horizontal scrolling on mobile viewports
FINDING-06,P2,Medium,/quote-process/,QuoteRequestForm.tsx,All,Forms / Keyboard Focus,Removing the focused element may cause loss of predictable focus order,Keyboard users may lose focus position when a line item is removed,Source inspect QuoteRequestForm.tsx L318-325,app/QuoteRequestForm.tsx#L318-L325,Shift focus to Add Item button upon line item deletion,S,Delete item with keyboard and track focus
FINDING-07,P3,High,"Category Landing Pages (sheet, profile, pipe, angle, channel, wire)",ProductPrices.tsx,All,Build & Performance,Product prices bundle chunk (750.67 kB raw / 34.99 kB gzip / 19.46 kB Brotli) triggers Vite warning,Slower script download/parse on 6 category landing pages,Build log: dist/assets/product-prices-DP-3sted.js (750.67 kB),app/ProductPrices.tsx,Code-split product-prices payload per catalog via dynamic import,M,Re-run npm run build and check chunk sizes
FINDING-08,P2,High,"/contact/, /about/",ContactPage.tsx,All,Content & Brand Trust,Missing official email displays internal developer placeholder text to visitors,Shows internal owner placeholder message degrading commercial trust,Source inspect ContactPage.tsx L152-168,app/ContactPage.tsx#L152-L168,Replace developer placeholder text with customer-facing text,S,Inspect Official Email card on /contact/
FINDING-09,P3,Medium,All Pages (Footer),SiteFooter.tsx,Mobile,Usability Best Practice (SC 2.5.8),Estimated from declared CSS: footer link touch targets are ~30px height falling below 44/48px usability recommendation,Potential mis-taps on adjacent links when tapping footer items on small screens,Source inspect globals/footer.css L40-90,app/globals/footer.css#L40-L90,Add vertical padding padding:0.5rem 0 to footer links,S,Inspect declared size of footer links on 360px
FINDING-10,P3,Low,/quote-process/,QuoteRequestForm.tsx,All,Visual Alignment (Unverified),Compound quantity input field border-radius alignment shift in RTL zoom,Minor visual edge mis-alignment between input box and select dropdown,Source inspect globals/forms.css L80-130,app/globals/forms.css#L80-L130,Use CSS flex layout with logical border-radius properties,S,Zoom form on WebKit and inspect compound borders
